-- MySQL dump 10.13  Distrib 8.0.37, for Linux (x86_64)
--
-- Host: localhost    Database: rankingApp
-- ------------------------------------------------------
-- Server version	8.0.37-0ubuntu0.20.04.3

/*!40101 SET @OLD_CHARACTER_SET_CLIENT=@@CHARACTER_SET_CLIENT */;
/*!40101 SET @OLD_CHARACTER_SET_RESULTS=@@CHARACTER_SET_RESULTS */;
/*!40101 SET @OLD_COLLATION_CONNECTION=@@COLLATION_CONNECTION */;
/*!50503 SET NAMES utf8mb4 */;
/*!40103 SET @OLD_TIME_ZONE=@@TIME_ZONE */;
/*!40103 SET TIME_ZONE='+00:00' */;
/*!40014 SET @OLD_UNIQUE_CHECKS=@@UNIQUE_CHECKS, UNIQUE_CHECKS=0 */;
/*!40014 SET @OLD_FOREIGN_KEY_CHECKS=@@FOREIGN_KEY_CHECKS, FOREIGN_KEY_CHECKS=0 */;
/*!40101 SET @OLD_SQL_MODE=@@SQL_MODE, SQL_MODE='NO_AUTO_VALUE_ON_ZERO' */;
/*!40111 SET @OLD_SQL_NOTES=@@SQL_NOTES, SQL_NOTES=0 */;

--
-- Table structure for table `Categories`
--

DROP TABLE IF EXISTS `Categories`;
/*!40101 SET @saved_cs_client     = @@character_set_client */;
/*!50503 SET character_set_client = utf8mb4 */;
CREATE TABLE `Categories` (
  `category_id` int NOT NULL AUTO_INCREMENT,
  `category_name` varchar(50) DEFAULT NULL,
  PRIMARY KEY (`category_id`)
) ENGINE=InnoDB AUTO_INCREMENT=9 DEFAULT CHARSET=utf8mb4 COLLATE=utf8mb4_0900_ai_ci;
/*!40101 SET character_set_client = @saved_cs_client */;

--
-- Dumping data for table `Categories`
--

LOCK TABLES `Categories` WRITE;
/*!40000 ALTER TABLE `Categories` DISABLE KEYS */;
INSERT INTO `Categories` VALUES (1,'드라마'),(2,'영화'),(3,'게임'),(4,'애니메이션'),(5,'음악'),(6,'음식'),(7,'스포츠'),(8,'기타');
/*!40000 ALTER TABLE `Categories` ENABLE KEYS */;
UNLOCK TABLES;

--
-- Table structure for table `Items`
--

DROP TABLE IF EXISTS `Items`;
/*!40101 SET @saved_cs_client     = @@character_set_client */;
/*!50503 SET character_set_client = utf8mb4 */;
CREATE TABLE `Items` (
  `item_id` int NOT NULL AUTO_INCREMENT,
  `plot_id` int DEFAULT NULL,
  `item_name` varchar(100) DEFAULT NULL,
  `item_image_url` varchar(255) DEFAULT NULL,
  PRIMARY KEY (`item_id`),
  KEY `idx_plot_id_items` (`plot_id`),
  CONSTRAINT `items_ibfk_1` FOREIGN KEY (`plot_id`) REFERENCES `Plots` (`plot_id`)
) ENGINE=InnoDB AUTO_INCREMENT=76 DEFAULT CHARSET=utf8mb4 COLLATE=utf8mb4_0900_ai_ci;
/*!40101 SET character_set_client = @saved_cs_client */;

--
-- Dumping data for table `Items`
--

LOCK TABLES `Items` WRITE;
/*!40000 ALTER TABLE `Items` DISABLE KEYS */;
INSERT INTO `Items` VALUES (1,1,'남주혁','http://172.10.7.117/uploads/1.webp'),(2,1,'공유','http://172.10.7.117/uploads/2.jpeg'),(3,1,'차은우','http://172.10.7.117/uploads/3.webp'),(4,1,'송강','http://172.10.7.117/uploads/4.webp'),(5,1,'변우석','http://172.10.7.117/uploads/5.webp'),(6,2,'채수빈','http://172.10.7.117/uploads/6.webp'),(7,2,'고윤정','http://172.10.7.117/uploads/7.webp'),(8,2,'박보영','http://172.10.7.117/uploads/8.webp'),(9,2,'한소희','http://172.10.7.117/uploads/9.png'),(10,2,'조이현','http://172.10.7.117/uploads/10.jpg'),(11,3,'카리나','http://172.10.7.117/uploads/11.jpg'),(12,3,'윈터','http://172.10.7.117/uploads/12.jpg'),(13,3,'안유진','http://172.10.7.117/uploads/13.jpeg'),(14,3,'슬기','http://172.10.7.117/uploads/14.jpg'),(15,3,'하니','http://172.10.7.117/uploads/16.webp'),(17,3,'장원영','http://172.10.7.117/uploads/17.jpg'),(18,3,'가을','http://172.10.7.117/uploads/18.jpeg'),(19,3,'레이','http://172.10.7.117/uploads/19.jpg'),(20,3,'김채원','http://172.10.7.117/uploads/20.jpeg'),(21,3,'해린','http://172.10.7.117/uploads/21.webp'),(28,22,'진격의 거인','http://172.10.7.117/uploads/28.jpeg'),(29,22,'귀멸의 칼날','http://172.10.7.117/uploads/29.png'),(30,22,'스파이 패밀리','http://172.10.7.117/uploads/30.jpeg'),(31,23,'겟아웃','http://172.10.7.117/uploads/31.jpeg'),(32,23,'놉','http://172.10.7.117/uploads/32.jpeg'),(33,23,'알포인트','http://172.10.7.117/uploads/33.jpeg'),(34,23,'유전','http://172.10.7.117/uploads/34.jpeg'),(35,23,'미드소마','http://172.10.7.117/uploads/35.jpeg'),(36,23,'악마와의 토크쇼','http://172.10.7.117/uploads/36.jpeg'),(37,27,'드림하이 - Dream High','http://172.10.7.117/uploads/37.webp'),(38,27,'슬기로운 의사생활 - 아로하','http://172.10.7.117/uploads/38.jpg'),(39,27,'꽃보다 남자 - Stand By Me','http://172.10.7.117/uploads/39.jpg'),(40,27,'또오해영 - 사랑이 뭔데','http://172.10.7.117/uploads/40.jpg'),(41,27,'주군의 태양 - Touch Love','http://172.10.7.117/uploads/41.jpg'),(58,51,'교수회관 2층','http://172.10.7.117/uploads/58.jpg'),(59,51,'카이마루 학식','http://172.10.7.117/uploads/59.jpg'),(60,51,'퀴즈노스','http://172.10.7.117/uploads/60.jpg'),(61,51,'더큰도시락','http://172.10.7.117/uploads/61.jpg'),(62,51,'태울관 역전우동','http://172.10.7.117/uploads/62.png'),(63,51,'DDDN','http://172.10.7.117/uploads/63.jpeg'),(64,52,'차은우','http://172.10.7.117/uploads/64.webp'),(65,52,'정국','http://172.10.7.117/uploads/65.jpg'),(66,53,'축구','http://172.10.7.117/uploads/66.png'),(67,53,'야구','http://172.10.7.117/uploads/67.jpg');
/*!40000 ALTER TABLE `Items` ENABLE KEYS */;
UNLOCK TABLES;

--
-- Table structure for table `PlotCategories`
--

DROP TABLE IF EXISTS `PlotCategories`;
/*!40101 SET @saved_cs_client     = @@character_set_client */;
/*!50503 SET character_set_client = utf8mb4 */;
CREATE TABLE `PlotCategories` (
  `plot_id` int NOT NULL,
  `category_id` int NOT NULL,
  PRIMARY KEY (`plot_id`,`category_id`),
  KEY `idx_category_id` (`category_id`),
  KEY `idx_plot_id_plotcategories` (`plot_id`),
  CONSTRAINT `plotcategories_ibfk_1` FOREIGN KEY (`plot_id`) REFERENCES `Plots` (`plot_id`),
  CONSTRAINT `plotcategories_ibfk_2` FOREIGN KEY (`category_id`) REFERENCES `Categories` (`category_id`)
) ENGINE=InnoDB DEFAULT CHARSET=utf8mb4 COLLATE=utf8mb4_0900_ai_ci;
/*!40101 SET character_set_client = @saved_cs_client */;

--
-- Dumping data for table `PlotCategories`
--

LOCK TABLES `PlotCategories` WRITE;
/*!40000 ALTER TABLE `PlotCategories` DISABLE KEYS */;
INSERT INTO `PlotCategories` VALUES (1,1),(2,1),(27,1),(1,2),(2,2),(23,2),(22,4),(3,5),(27,5),(52,5),(51,6),(53,7);
/*!40000 ALTER TABLE `PlotCategories` ENABLE KEYS */;
UNLOCK TABLES;

--
-- Table structure for table `Plots`
--

DROP TABLE IF EXISTS `Plots`;
/*!40101 SET @saved_cs_client     = @@character_set_client */;
/*!50503 SET character_set_client = utf8mb4 */;
CREATE TABLE `Plots` (
  `plot_id` int NOT NULL AUTO_INCREMENT,
  `user_id` int DEFAULT NULL,
  `title` varchar(100) DEFAULT NULL,
  `description` text,
  `created_at` timestamp NULL DEFAULT CURRENT_TIMESTAMP,
  PRIMARY KEY (`plot_id`),
  KEY `user_id` (`user_id`),
  CONSTRAINT `plots_ibfk_1` FOREIGN KEY (`user_id`) REFERENCES `Users` (`user_id`)
) ENGINE=InnoDB AUTO_INCREMENT=57 DEFAULT CHARSET=utf8mb4 COLLATE=utf8mb4_0900_ai_ci;
/*!40101 SET character_set_client = @saved_cs_client */;

--
-- Dumping data for table `Plots`
--

LOCK TABLES `Plots` WRITE;
/*!40000 ALTER TABLE `Plots` DISABLE KEYS */;
INSERT INTO `Plots` VALUES (1,1,'남자 배우','남자 배우','2024-07-20 11:59:52'),(2,1,'여자 배우','여자 배우','2024-07-20 11:59:52'),(3,1,'여자 아이돌','여자 아이돌','2024-07-20 11:59:52'),(22,1,'명작 애니메이션','명작 애니','2024-07-23 18:38:20'),(23,3,'공포영화','제일 무서운 영화를 골라주세요~','2024-07-24 06:51:33'),(27,12,'드라마 OST','좋아하는 드라마 OST를 골라주세요~!','2024-07-24 13:50:08'),(51,1,'카이스트 식당','가장 좋아하는 카이스트 내 식당을 골라주세요','2024-07-25 11:32:47'),(52,1,'남자 아이돌','좋아하는 남자 아이돌을 골라주세요','2024-07-25 11:38:55'),(53,1,'스포츠 종목','좋아하는 스포츠 종목을 골라주세요','2024-07-25 11:40:57');
/*!40000 ALTER TABLE `Plots` ENABLE KEYS */;
UNLOCK TABLES;

--
-- Table structure for table `Ranks`
--

DROP TABLE IF EXISTS `Ranks`;
/*!40101 SET @saved_cs_client     = @@character_set_client */;
/*!50503 SET character_set_client = utf8mb4 */;
CREATE TABLE `Ranks` (
  `rank_id` int NOT NULL AUTO_INCREMENT,
  `plot_id` int DEFAULT NULL,
  `user_id` int DEFAULT NULL,
  `item_id` int DEFAULT NULL,
  `rank_value` int DEFAULT NULL,
  `ranked_at` timestamp NULL DEFAULT CURRENT_TIMESTAMP,
  `increasement` int DEFAULT NULL,
  PRIMARY KEY (`rank_id`),
  KEY `idx_plot_id_ranks` (`plot_id`),
  KEY `idx_user_id_ranks` (`user_id`),
  KEY `idx_item_id_ranks` (`item_id`),
  CONSTRAINT `ranks_ibfk_1` FOREIGN KEY (`plot_id`) REFERENCES `Plots` (`plot_id`),
  CONSTRAINT `ranks_ibfk_2` FOREIGN KEY (`user_id`) REFERENCES `Users` (`user_id`),
  CONSTRAINT `ranks_ibfk_3` FOREIGN KEY (`item_id`) REFERENCES `Items` (`item_id`)
) ENGINE=InnoDB AUTO_INCREMENT=459 DEFAULT CHARSET=utf8mb4 COLLATE=utf8mb4_0900_ai_ci;
/*!40101 SET character_set_client = @saved_cs_client */;

--
-- Dumping data for table `Ranks`
--

LOCK TABLES `Ranks` WRITE;
/*!40000 ALTER TABLE `Ranks` DISABLE KEYS */;
INSERT INTO `Ranks` VALUES (1,1,1,1,2,'2024-07-20 12:11:01',NULL),(2,1,1,2,1,'2024-07-20 12:11:01',NULL),(3,1,1,3,3,'2024-07-20 12:11:01',NULL),(4,1,1,4,4,'2024-07-20 12:11:01',NULL),(5,1,1,5,5,'2024-07-20 12:11:01',NULL),(6,2,1,6,1,'2024-07-20 12:11:01',NULL),(7,2,1,7,5,'2024-07-20 12:11:01',NULL),(8,2,1,8,3,'2024-07-20 12:11:01',NULL),(9,2,1,9,4,'2024-07-20 12:11:01',NULL),(10,2,1,10,2,'2024-07-20 12:11:01',NULL),(11,3,1,11,1,'2024-07-20 12:11:01',NULL),(12,3,1,12,2,'2024-07-20 12:11:01',NULL),(13,3,1,13,3,'2024-07-20 12:11:01',NULL),(14,3,1,14,4,'2024-07-20 12:11:01',NULL),(15,3,1,15,5,'2024-07-20 12:12:13',NULL),(20,22,3,30,1,'2024-07-24 06:25:53',NULL),(21,22,3,28,2,'2024-07-24 06:25:53',NULL),(22,22,3,29,3,'2024-07-24 06:25:53',NULL),(23,22,3,29,1,'2024-07-24 06:29:32',NULL),(24,22,3,28,2,'2024-07-24 06:29:33',NULL),(25,22,3,30,3,'2024-07-24 06:29:33',NULL),(26,22,3,28,1,'2024-07-24 06:36:51',NULL),(27,22,3,30,2,'2024-07-24 06:36:51',NULL),(28,22,3,29,3,'2024-07-24 06:36:52',NULL),(29,3,1,11,1,'2024-07-24 06:41:55',NULL),(30,3,1,19,2,'2024-07-24 06:41:55',NULL),(31,3,1,21,3,'2024-07-24 06:41:55',NULL),(32,3,1,12,4,'2024-07-24 06:41:56',NULL),(33,3,1,15,5,'2024-07-24 06:41:56',NULL),(34,3,1,14,6,'2024-07-24 06:41:56',NULL),(35,3,1,13,7,'2024-07-24 06:41:56',NULL),(36,3,1,18,8,'2024-07-24 06:41:56',NULL),(37,3,1,20,9,'2024-07-24 06:41:56',NULL),(38,3,1,17,10,'2024-07-24 06:41:56',NULL),(39,2,3,10,1,'2024-07-24 06:48:29',NULL),(40,2,3,6,2,'2024-07-24 06:48:29',NULL),(41,2,3,9,3,'2024-07-24 06:48:29',NULL),(42,2,3,7,4,'2024-07-24 06:48:29',NULL),(43,2,3,8,5,'2024-07-24 06:48:29',NULL),(44,23,3,34,1,'2024-07-24 06:52:32',NULL),(45,23,3,32,2,'2024-07-24 06:52:32',NULL),(46,23,3,33,3,'2024-07-24 06:52:32',NULL),(47,23,3,35,4,'2024-07-24 06:52:32',NULL),(48,23,3,36,5,'2024-07-24 06:52:32',NULL),(49,23,3,31,6,'2024-07-24 06:52:32',NULL),(50,1,1,5,1,'2024-07-24 07:02:00',NULL),(51,1,1,4,2,'2024-07-24 07:02:00',NULL),(52,1,1,3,3,'2024-07-24 07:02:00',NULL),(53,1,1,1,4,'2024-07-24 07:02:00',NULL),(54,1,1,2,5,'2024-07-24 07:02:01',NULL),(55,1,1,5,1,'2024-07-24 08:31:28',-4),(56,1,1,4,2,'2024-07-24 08:31:28',-2),(57,1,1,3,3,'2024-07-24 08:31:28',0),(58,1,1,2,4,'2024-07-24 08:31:28',3),(59,1,1,1,5,'2024-07-24 08:31:28',3),(60,23,12,33,1,'2024-07-24 08:46:31',-2),(61,23,12,36,2,'2024-07-24 08:46:31',-3),(62,23,12,31,3,'2024-07-24 08:46:31',-3),(63,23,12,35,4,'2024-07-24 08:46:31',0),(64,23,12,32,5,'2024-07-24 08:46:31',3),(65,23,12,34,6,'2024-07-24 08:46:31',5),(66,23,12,NULL,1,'2024-07-24 12:05:53',NULL),(67,23,12,NULL,2,'2024-07-24 12:05:53',NULL),(68,23,12,NULL,3,'2024-07-24 12:05:53',NULL),(69,23,12,NULL,4,'2024-07-24 12:05:53',NULL),(70,23,12,NULL,5,'2024-07-24 12:05:53',NULL),(71,23,12,NULL,6,'2024-07-24 12:05:53',NULL),(72,23,12,31,1,'2024-07-24 12:08:10',-5),(73,23,12,32,2,'2024-07-24 12:08:10',0),(74,23,12,33,3,'2024-07-24 12:08:10',0),(75,23,12,35,4,'2024-07-24 12:08:10',0),(76,23,12,34,5,'2024-07-24 12:08:10',4),(77,23,12,36,6,'2024-07-24 12:08:10',1),(78,23,12,36,1,'2024-07-24 12:08:59',-4),(79,23,12,35,2,'2024-07-24 12:08:59',-2),(80,23,12,34,3,'2024-07-24 12:08:59',2),(81,23,12,33,4,'2024-07-24 12:08:59',1),(82,23,12,32,5,'2024-07-24 12:08:59',3),(83,23,12,31,6,'2024-07-24 12:08:59',0),(84,23,12,31,1,'2024-07-24 12:37:39',-5),(85,23,12,36,2,'2024-07-24 12:37:39',-3),(86,23,12,35,3,'2024-07-24 12:37:39',-1),(87,23,12,34,4,'2024-07-24 12:37:39',3),(88,23,12,32,5,'2024-07-24 12:37:39',3),(89,23,12,33,6,'2024-07-24 12:37:39',3),(90,3,12,13,1,'2024-07-24 12:39:06',-2),(91,3,12,12,2,'2024-07-24 12:39:06',0),(92,3,12,17,3,'2024-07-24 12:39:06',-7),(93,3,12,21,4,'2024-07-24 12:39:06',1),(94,3,12,11,5,'2024-07-24 12:39:06',4),(95,3,12,14,6,'2024-07-24 12:39:06',2),(96,3,12,15,7,'2024-07-24 12:39:06',2),(97,3,12,19,8,'2024-07-24 12:39:07',6),(98,3,12,18,9,'2024-07-24 12:39:07',1),(99,3,12,20,10,'2024-07-24 12:39:07',1),(100,3,12,11,1,'2024-07-24 12:42:43',0),(101,3,12,12,2,'2024-07-24 12:42:43',0),(102,3,12,13,3,'2024-07-24 12:42:43',0),(103,3,12,14,4,'2024-07-24 12:42:43',0),(104,3,12,15,5,'2024-07-24 12:42:43',0),(105,3,12,17,6,'2024-07-24 12:42:43',-4),(106,3,12,18,7,'2024-07-24 12:42:43',-1),(107,3,12,19,8,'2024-07-24 12:42:43',6),(108,3,12,20,9,'2024-07-24 12:42:43',0),(109,3,12,21,10,'2024-07-24 12:42:43',7),(110,23,12,31,1,'2024-07-24 12:43:17',-5),(111,23,12,32,2,'2024-07-24 12:43:17',0),(112,23,12,33,3,'2024-07-24 12:43:17',0),(113,23,12,34,4,'2024-07-24 12:43:17',3),(114,23,12,35,5,'2024-07-24 12:43:17',1),(115,23,12,36,6,'2024-07-24 12:43:17',1),(116,23,12,36,1,'2024-07-24 13:07:45',-4),(117,23,12,35,2,'2024-07-24 13:07:45',-2),(118,23,12,34,3,'2024-07-24 13:07:45',2),(119,23,12,33,4,'2024-07-24 13:07:45',1),(120,23,12,32,5,'2024-07-24 13:07:45',3),(121,23,12,31,6,'2024-07-24 13:07:45',0),(122,23,12,36,1,'2024-07-24 13:09:38',-4),(123,23,12,35,2,'2024-07-24 13:09:38',-2),(124,23,12,34,3,'2024-07-24 13:09:38',2),(125,23,12,33,4,'2024-07-24 13:09:38',1),(126,23,12,32,5,'2024-07-24 13:09:38',3),(127,23,12,31,6,'2024-07-24 13:09:38',0),(128,23,12,36,1,'2024-07-24 13:09:48',-4),(129,23,12,35,2,'2024-07-24 13:09:48',-2),(130,23,12,34,3,'2024-07-24 13:09:48',2),(131,23,12,33,4,'2024-07-24 13:09:48',1),(132,23,12,32,5,'2024-07-24 13:09:48',3),(133,23,12,31,6,'2024-07-24 13:09:48',0),(134,23,12,36,1,'2024-07-24 13:11:07',-4),(135,23,12,35,2,'2024-07-24 13:11:07',-2),(136,23,12,34,3,'2024-07-24 13:11:07',2),(137,23,12,33,4,'2024-07-24 13:11:07',1),(138,23,12,32,5,'2024-07-24 13:11:07',3),(139,23,12,31,6,'2024-07-24 13:11:07',0),(140,23,12,36,1,'2024-07-24 13:14:00',-4),(141,23,12,35,2,'2024-07-24 13:14:00',-2),(142,23,12,34,3,'2024-07-24 13:14:00',2),(143,23,12,33,4,'2024-07-24 13:14:00',1),(144,23,12,32,5,'2024-07-24 13:14:00',3),(145,23,12,31,6,'2024-07-24 13:14:00',0),(146,23,12,36,1,'2024-07-24 13:17:43',-4),(147,23,12,35,2,'2024-07-24 13:17:43',-2),(148,23,12,34,3,'2024-07-24 13:17:43',2),(149,23,12,33,4,'2024-07-24 13:17:43',1),(150,23,12,32,5,'2024-07-24 13:17:43',3),(151,23,12,31,6,'2024-07-24 13:17:43',0),(152,23,12,36,1,'2024-07-24 13:19:34',-4),(153,23,12,35,2,'2024-07-24 13:19:34',-2),(154,23,12,34,3,'2024-07-24 13:19:34',2),(155,23,12,33,4,'2024-07-24 13:19:35',1),(156,23,12,32,5,'2024-07-24 13:19:35',3),(157,23,12,31,6,'2024-07-24 13:19:35',0),(158,23,12,36,1,'2024-07-24 13:20:44',-4),(159,23,12,35,2,'2024-07-24 13:20:44',-2),(160,23,12,34,3,'2024-07-24 13:20:44',2),(161,23,12,33,4,'2024-07-24 13:20:44',1),(162,23,12,32,5,'2024-07-24 13:20:44',3),(163,23,12,31,6,'2024-07-24 13:20:44',0),(164,23,12,36,1,'2024-07-24 13:21:14',-4),(165,23,12,35,2,'2024-07-24 13:21:14',-2),(166,23,12,34,3,'2024-07-24 13:21:14',2),(167,23,12,33,4,'2024-07-24 13:21:14',1),(168,23,12,32,5,'2024-07-24 13:21:14',3),(169,23,12,31,6,'2024-07-24 13:21:14',0),(170,23,12,36,1,'2024-07-24 13:23:34',-4),(171,23,12,35,2,'2024-07-24 13:23:34',-2),(172,23,12,34,3,'2024-07-24 13:23:34',2),(173,23,12,33,4,'2024-07-24 13:23:34',1),(174,23,12,32,5,'2024-07-24 13:23:34',3),(175,23,12,31,6,'2024-07-24 13:23:34',0),(176,3,12,11,1,'2024-07-24 13:32:40',0),(177,3,12,12,2,'2024-07-24 13:32:40',0),(178,3,12,13,3,'2024-07-24 13:32:40',0),(179,3,12,14,4,'2024-07-24 13:32:40',0),(180,3,12,15,5,'2024-07-24 13:32:40',0),(181,3,12,17,6,'2024-07-24 13:32:40',-4),(182,3,12,18,7,'2024-07-24 13:32:40',-1),(183,3,12,19,8,'2024-07-24 13:32:40',6),(184,3,12,20,9,'2024-07-24 13:32:40',0),(185,3,12,21,10,'2024-07-24 13:32:40',7),(186,3,12,21,1,'2024-07-24 13:33:41',-2),(187,3,12,20,2,'2024-07-24 13:33:41',-7),(188,3,12,19,3,'2024-07-24 13:33:41',1),(189,3,12,18,4,'2024-07-24 13:33:41',-4),(190,3,12,17,5,'2024-07-24 13:33:41',-5),(191,3,12,15,6,'2024-07-24 13:33:41',1),(192,3,12,14,7,'2024-07-24 13:33:41',3),(193,3,12,13,8,'2024-07-24 13:33:41',5),(194,3,12,12,9,'2024-07-24 13:33:41',7),(195,3,12,11,10,'2024-07-24 13:33:41',9),(196,3,12,11,1,'2024-07-24 13:36:13',0),(197,3,12,12,2,'2024-07-24 13:36:13',0),(198,3,12,13,3,'2024-07-24 13:36:13',0),(199,3,12,14,4,'2024-07-24 13:36:13',0),(200,3,12,15,5,'2024-07-24 13:36:13',0),(201,3,12,17,6,'2024-07-24 13:36:13',-4),(202,3,12,18,7,'2024-07-24 13:36:13',-1),(203,3,12,19,8,'2024-07-24 13:36:13',6),(204,3,12,20,9,'2024-07-24 13:36:13',0),(205,3,12,21,10,'2024-07-24 13:36:13',7),(206,23,12,31,1,'2024-07-24 13:39:50',-5),(207,23,12,32,2,'2024-07-24 13:39:50',0),(208,23,12,33,3,'2024-07-24 13:39:50',0),(209,23,12,34,4,'2024-07-24 13:39:50',3),(210,23,12,35,5,'2024-07-24 13:39:50',1),(211,23,12,36,6,'2024-07-24 13:39:50',1),(212,3,12,21,1,'2024-07-24 13:56:46',-2),(213,3,12,20,2,'2024-07-24 13:56:46',-7),(214,3,12,19,3,'2024-07-24 13:56:46',1),(215,3,12,18,4,'2024-07-24 13:56:46',-4),(216,3,12,17,5,'2024-07-24 13:56:46',-5),(217,3,12,15,6,'2024-07-24 13:56:46',1),(218,3,12,14,7,'2024-07-24 13:56:46',3),(219,3,12,13,8,'2024-07-24 13:56:46',5),(220,3,12,12,9,'2024-07-24 13:56:46',7),(221,3,12,11,10,'2024-07-24 13:56:46',9),(222,3,12,11,1,'2024-07-24 13:57:32',0),(223,3,12,12,2,'2024-07-24 13:57:33',0),(224,3,12,13,3,'2024-07-24 13:57:33',0),(225,3,12,14,4,'2024-07-24 13:57:33',0),(226,3,12,15,5,'2024-07-24 13:57:33',0),(227,3,12,17,6,'2024-07-24 13:57:33',-4),(228,3,12,18,7,'2024-07-24 13:57:33',-1),(229,3,12,19,8,'2024-07-24 13:57:33',6),(230,3,12,20,9,'2024-07-24 13:57:33',0),(231,3,12,21,10,'2024-07-24 13:57:33',7),(232,1,1,1,1,'2024-07-24 14:16:40',-1),(233,1,1,5,2,'2024-07-24 14:16:40',-3),(234,1,1,2,3,'2024-07-24 14:16:40',2),(235,1,1,4,4,'2024-07-24 14:16:40',0),(236,1,1,3,5,'2024-07-24 14:16:40',2),(237,3,12,14,1,'2024-07-24 17:00:41',-3),(238,3,12,11,2,'2024-07-24 17:00:42',1),(239,3,12,13,3,'2024-07-24 17:00:42',0),(240,3,12,12,4,'2024-07-24 17:00:42',2),(241,3,12,20,5,'2024-07-24 17:00:42',-4),(242,3,12,17,6,'2024-07-24 17:00:42',-4),(243,3,12,21,7,'2024-07-24 17:00:42',4),(244,3,12,15,8,'2024-07-24 17:00:42',3),(245,3,12,18,9,'2024-07-24 17:00:42',1),(246,3,12,19,10,'2024-07-24 17:00:42',8),(247,3,12,18,1,'2024-07-24 17:01:35',-7),(248,3,12,20,2,'2024-07-24 17:01:35',-7),(249,3,12,14,3,'2024-07-24 17:01:36',-1),(250,3,12,19,4,'2024-07-24 17:01:36',2),(251,3,12,13,5,'2024-07-24 17:01:36',2),(252,3,12,12,6,'2024-07-24 17:01:36',4),(253,3,12,17,7,'2024-07-24 17:01:36',-3),(254,3,12,11,8,'2024-07-24 17:01:36',7),(255,3,12,15,9,'2024-07-24 17:01:36',4),(256,3,12,21,10,'2024-07-24 17:01:36',7),(257,22,12,29,1,'2024-07-24 17:02:31',-2),(258,22,12,30,2,'2024-07-24 17:02:31',1),(259,22,12,28,3,'2024-07-24 17:02:31',1),(260,22,12,30,1,'2024-07-24 17:02:36',0),(261,22,12,29,2,'2024-07-24 17:02:36',-1),(262,22,12,28,3,'2024-07-24 17:02:36',1),(263,22,12,29,1,'2024-07-24 17:02:39',-2),(264,22,12,30,2,'2024-07-24 17:02:40',1),(265,22,12,28,3,'2024-07-24 17:02:40',1),(266,22,12,28,1,'2024-07-24 17:02:53',-1),(267,22,12,30,2,'2024-07-24 17:02:53',1),(268,22,12,29,3,'2024-07-24 17:02:53',0),(269,22,12,29,1,'2024-07-24 17:03:16',-2),(270,22,12,30,2,'2024-07-24 17:03:16',1),(271,22,12,28,3,'2024-07-24 17:03:16',1),(272,22,12,29,1,'2024-07-24 17:03:20',-2),(273,22,12,28,2,'2024-07-24 17:03:20',0),(274,22,12,30,3,'2024-07-24 17:03:20',2),(275,22,12,28,1,'2024-07-24 17:03:23',-1),(276,22,12,30,2,'2024-07-24 17:03:23',1),(277,22,12,29,3,'2024-07-24 17:03:23',0),(278,22,12,29,1,'2024-07-24 17:03:49',-2),(279,22,12,30,2,'2024-07-24 17:03:50',1),(280,22,12,28,3,'2024-07-24 17:03:50',1),(281,22,12,28,1,'2024-07-24 17:03:53',-1),(282,22,12,30,2,'2024-07-24 17:03:53',1),(283,22,12,29,3,'2024-07-24 17:03:53',0),(284,22,12,29,1,'2024-07-24 17:05:36',-2),(285,22,12,30,2,'2024-07-24 17:05:36',1),(286,22,12,28,3,'2024-07-24 17:05:36',1),(287,2,12,7,1,'2024-07-24 17:06:18',-4),(288,2,12,10,2,'2024-07-24 17:06:18',0),(289,2,12,8,3,'2024-07-24 17:06:18',0),(290,2,12,6,4,'2024-07-24 17:06:18',3),(291,2,12,9,5,'2024-07-24 17:06:18',1),(292,2,12,7,1,'2024-07-24 17:06:38',-4),(293,2,12,8,2,'2024-07-24 17:06:38',-1),(294,2,12,10,3,'2024-07-24 17:06:38',1),(295,2,12,6,4,'2024-07-24 17:06:38',3),(296,2,12,9,5,'2024-07-24 17:06:38',1),(297,2,12,7,1,'2024-07-24 17:07:05',-4),(298,2,12,8,2,'2024-07-24 17:07:05',-1),(299,2,12,10,3,'2024-07-24 17:07:05',1),(300,2,12,6,4,'2024-07-24 17:07:05',3),(301,2,12,9,5,'2024-07-24 17:07:05',1),(302,2,12,7,1,'2024-07-24 17:07:21',-4),(303,2,12,10,2,'2024-07-24 17:07:21',0),(304,2,12,8,3,'2024-07-24 17:07:21',0),(305,2,12,6,4,'2024-07-24 17:07:21',3),(306,2,12,9,5,'2024-07-24 17:07:21',1),(307,2,12,7,1,'2024-07-24 17:07:41',-4),(308,2,12,8,2,'2024-07-24 17:07:41',-1),(309,2,12,10,3,'2024-07-24 17:07:41',1),(310,2,12,6,4,'2024-07-24 17:07:41',3),(311,2,12,9,5,'2024-07-24 17:07:41',1),(312,2,12,7,1,'2024-07-24 17:08:04',-4),(313,2,12,8,2,'2024-07-24 17:08:04',-1),(314,2,12,10,3,'2024-07-24 17:08:04',1),(315,2,12,6,4,'2024-07-24 17:08:04',3),(316,2,12,9,5,'2024-07-24 17:08:04',1),(317,1,12,2,1,'2024-07-24 17:08:53',0),(318,1,12,1,2,'2024-07-24 17:08:53',0),(319,1,12,5,3,'2024-07-24 17:08:53',-2),(320,1,12,4,4,'2024-07-24 17:08:53',0),(321,1,12,3,5,'2024-07-24 17:08:53',2),(322,1,12,2,1,'2024-07-24 17:12:09',0),(323,1,12,1,2,'2024-07-24 17:12:09',0),(324,1,12,4,3,'2024-07-24 17:12:09',-1),(325,1,12,5,4,'2024-07-24 17:12:09',-1),(326,1,12,3,5,'2024-07-24 17:12:09',2),(327,1,12,4,1,'2024-07-24 17:13:44',-3),(328,1,12,5,2,'2024-07-24 17:13:44',-3),(329,1,12,1,3,'2024-07-24 17:13:44',1),(330,1,12,3,4,'2024-07-24 17:13:44',1),(331,1,12,2,5,'2024-07-24 17:13:44',4),(332,1,12,2,1,'2024-07-24 17:16:36',0),(333,1,12,1,2,'2024-07-24 17:16:36',0),(334,1,12,5,3,'2024-07-24 17:16:37',-2),(335,1,12,4,4,'2024-07-24 17:16:37',0),(336,1,12,3,5,'2024-07-24 17:16:37',2),(337,2,12,10,1,'2024-07-24 17:17:38',-1),(338,2,12,8,2,'2024-07-24 17:17:38',-1),(339,2,12,6,3,'2024-07-24 17:17:38',2),(340,2,12,7,4,'2024-07-24 17:17:38',-1),(341,2,12,9,5,'2024-07-24 17:17:39',1),(342,2,12,7,1,'2024-07-24 17:23:33',-4),(343,2,12,8,2,'2024-07-24 17:23:33',-1),(344,2,12,10,3,'2024-07-24 17:23:33',1),(345,2,12,6,4,'2024-07-24 17:23:33',3),(346,2,12,9,5,'2024-07-24 17:23:33',1),(347,2,12,7,1,'2024-07-24 17:24:41',-4),(348,2,12,8,2,'2024-07-24 17:24:41',-1),(349,2,12,10,3,'2024-07-24 17:24:41',1),(350,2,12,6,4,'2024-07-24 17:24:41',3),(351,2,12,9,5,'2024-07-24 17:24:41',1),(352,1,12,2,1,'2024-07-24 17:27:45',0),(353,1,12,3,2,'2024-07-24 17:27:45',-1),(354,1,12,1,3,'2024-07-24 17:27:45',1),(355,1,12,4,4,'2024-07-24 17:27:45',0),(356,1,12,5,5,'2024-07-24 17:27:45',0),(357,2,12,8,1,'2024-07-24 17:48:10',-2),(358,2,12,6,2,'2024-07-24 17:48:10',1),(359,2,12,9,3,'2024-07-24 17:48:10',-1),(360,2,12,7,4,'2024-07-24 17:48:10',-1),(361,2,12,10,5,'2024-07-24 17:48:11',3),(362,2,12,9,1,'2024-07-24 18:50:24',-3),(363,2,12,7,2,'2024-07-24 18:50:24',-3),(364,2,12,8,3,'2024-07-24 18:50:24',0),(365,2,12,6,4,'2024-07-24 18:50:24',3),(366,2,12,10,5,'2024-07-24 18:50:24',3),(367,22,12,28,1,'2024-07-24 18:50:40',-1),(368,22,12,29,2,'2024-07-24 18:50:40',-1),(369,22,12,30,3,'2024-07-24 18:50:40',2),(370,3,12,15,1,'2024-07-24 18:56:02',-4),(371,3,12,21,2,'2024-07-24 18:56:02',-1),(372,3,12,12,3,'2024-07-24 18:56:02',1),(373,3,12,11,4,'2024-07-24 18:56:02',3),(374,3,12,14,5,'2024-07-24 18:56:02',1),(375,3,12,20,6,'2024-07-24 18:56:02',-3),(376,3,12,18,7,'2024-07-24 18:56:02',-1),(377,3,12,13,8,'2024-07-24 18:56:02',5),(378,3,12,17,9,'2024-07-24 18:56:02',-1),(379,3,12,19,10,'2024-07-24 18:56:02',8),(380,27,12,40,1,'2024-07-24 18:56:23',NULL),(381,27,12,38,2,'2024-07-24 18:56:23',NULL),(382,27,12,39,3,'2024-07-24 18:56:23',NULL),(383,27,12,37,4,'2024-07-24 18:56:23',NULL),(384,27,12,41,5,'2024-07-24 18:56:23',NULL),(385,3,12,11,1,'2024-07-24 19:45:12',0),(386,3,12,12,2,'2024-07-24 19:45:13',0),(387,3,12,17,3,'2024-07-24 19:45:13',-7),(388,3,12,21,4,'2024-07-24 19:45:13',1),(389,3,12,20,5,'2024-07-24 19:45:13',-4),(390,3,12,14,6,'2024-07-24 19:45:13',2),(391,3,12,13,7,'2024-07-24 19:45:13',4),(392,3,12,18,8,'2024-07-24 19:45:13',0),(393,3,12,19,9,'2024-07-24 19:45:13',7),(394,3,12,15,10,'2024-07-24 19:45:13',5),(395,23,12,34,1,'2024-07-24 19:48:25',0),(396,23,12,33,2,'2024-07-24 19:48:25',-1),(397,23,12,35,3,'2024-07-24 19:48:25',-1),(398,23,12,36,4,'2024-07-24 19:48:25',-1),(399,23,12,32,5,'2024-07-24 19:48:25',3),(400,23,12,31,6,'2024-07-24 19:48:25',0),(401,3,12,21,1,'2024-07-25 05:02:03',-2),(402,3,12,15,2,'2024-07-25 05:02:03',-3),(403,3,12,11,3,'2024-07-25 05:02:03',2),(404,3,12,19,4,'2024-07-25 05:02:03',2),(405,3,12,20,5,'2024-07-25 05:02:03',-4),(406,3,12,13,6,'2024-07-25 05:02:03',3),(407,3,12,14,7,'2024-07-25 05:02:03',3),(408,3,12,18,8,'2024-07-25 05:02:03',0),(409,3,12,17,9,'2024-07-25 05:02:03',-1),(410,3,12,12,10,'2024-07-25 05:02:03',8),(411,22,12,28,1,'2024-07-25 07:36:56',-1),(412,22,12,30,2,'2024-07-25 07:36:56',1),(413,22,12,29,3,'2024-07-25 07:36:56',0),(414,2,12,9,1,'2024-07-25 08:08:21',-3),(415,2,12,10,2,'2024-07-25 08:08:21',0),(416,2,12,7,3,'2024-07-25 08:08:21',-2),(417,2,12,8,4,'2024-07-25 08:08:21',1),(418,2,12,6,5,'2024-07-25 08:08:21',4),(422,2,12,8,1,'2024-07-25 08:49:26',-2),(423,2,12,7,2,'2024-07-25 08:49:26',-3),(424,2,12,10,3,'2024-07-25 08:49:26',1),(425,2,12,6,4,'2024-07-25 08:49:26',3),(426,2,12,9,5,'2024-07-25 08:49:26',1),(429,2,12,10,1,'2024-07-25 10:51:08',-1),(430,2,12,9,2,'2024-07-25 10:51:08',-2),(431,2,12,6,3,'2024-07-25 10:51:08',2),(432,2,12,8,4,'2024-07-25 10:51:08',1),(433,2,12,7,5,'2024-07-25 10:51:08',0),(434,2,12,8,1,'2024-07-25 11:08:11',-2),(435,2,12,7,2,'2024-07-25 11:08:11',-3),(436,2,12,6,3,'2024-07-25 11:08:11',2),(437,2,12,9,4,'2024-07-25 11:08:11',0),(438,2,12,10,5,'2024-07-25 11:08:11',3),(439,2,12,7,1,'2024-07-25 11:55:05',-4),(440,2,12,8,2,'2024-07-25 11:55:05',-1),(441,2,12,9,3,'2024-07-25 11:55:05',-1),(442,2,12,6,4,'2024-07-25 11:55:05',3),(443,2,12,10,5,'2024-07-25 11:55:05',3),(444,2,12,10,1,'2024-07-25 12:35:48',-1),(445,2,12,8,2,'2024-07-25 12:35:48',-1),(446,2,12,9,3,'2024-07-25 12:35:48',-1),(447,2,12,6,4,'2024-07-25 12:35:48',3),(448,2,12,7,5,'2024-07-25 12:35:48',0),(449,1,12,1,1,'2024-07-25 12:47:46',-1),(450,1,12,3,2,'2024-07-25 12:47:46',-1),(451,1,12,5,3,'2024-07-25 12:47:46',-2),(452,1,12,2,4,'2024-07-25 12:47:46',3),(453,1,12,4,5,'2024-07-25 12:47:46',1),(454,2,12,7,1,'2024-07-25 13:04:55',-4),(455,2,12,8,2,'2024-07-25 13:04:55',-1),(456,2,12,6,3,'2024-07-25 13:04:55',2),(457,2,12,10,4,'2024-07-25 13:04:55',2),(458,2,12,9,5,'2024-07-25 13:04:55',1);
/*!40000 ALTER TABLE `Ranks` ENABLE KEYS */;
UNLOCK TABLES;

--
-- Table structure for table `UserPlayedPlots`
--

DROP TABLE IF EXISTS `UserPlayedPlots`;
/*!40101 SET @saved_cs_client     = @@character_set_client */;
/*!50503 SET character_set_client = utf8mb4 */;
CREATE TABLE `UserPlayedPlots` (
  `user_id` int NOT NULL,
  `plot_id` int NOT NULL,
  PRIMARY KEY (`user_id`,`plot_id`),
  KEY `idx_user_id` (`user_id`),
  KEY `idx_plot_id_userplayed` (`plot_id`),
  CONSTRAINT `userplayedplots_ibfk_1` FOREIGN KEY (`user_id`) REFERENCES `Users` (`user_id`),
  CONSTRAINT `userplayedplots_ibfk_2` FOREIGN KEY (`plot_id`) REFERENCES `Plots` (`plot_id`)
) ENGINE=InnoDB DEFAULT CHARSET=utf8mb4 COLLATE=utf8mb4_0900_ai_ci;
/*!40101 SET character_set_client = @saved_cs_client */;

--
-- Dumping data for table `UserPlayedPlots`
--

LOCK TABLES `UserPlayedPlots` WRITE;
/*!40000 ALTER TABLE `UserPlayedPlots` DISABLE KEYS */;
INSERT INTO `UserPlayedPlots` VALUES (1,1),(1,2),(1,3),(3,2),(3,22),(3,23),(12,1),(12,2),(12,3),(12,22),(12,23),(12,27);
/*!40000 ALTER TABLE `UserPlayedPlots` ENABLE KEYS */;
UNLOCK TABLES;

--
-- Table structure for table `Users`
--

DROP TABLE IF EXISTS `Users`;
/*!40101 SET @saved_cs_client     = @@character_set_client */;
/*!50503 SET character_set_client = utf8mb4 */;
CREATE TABLE `Users` (
  `user_id` int NOT NULL AUTO_INCREMENT,
  `username` varchar(50) DEFAULT NULL,
  `email` varchar(100) DEFAULT NULL,
  `password` varchar(100) DEFAULT NULL,
  `created_at` timestamp NULL DEFAULT CURRENT_TIMESTAMP,
  `refresh_token` varchar(200) DEFAULT NULL,
  PRIMARY KEY (`user_id`)
) ENGINE=InnoDB AUTO_INCREMENT=19 DEFAULT CHARSET=utf8mb4 COLLATE=utf8mb4_0900_ai_ci;
/*!40101 SET character_set_client = @saved_cs_client */;

--
-- Dumping data for table `Users`
--

LOCK TABLES `Users` WRITE;
/*!40000 ALTER TABLE `Users` DISABLE KEYS */;
INSERT INTO `Users` VALUES (1,'진우','wlsdnqqq17@gmail.com','$2b$10$aFl8I81vSl1QfxI8Z2wu9.P/twitv02HCO/hJWSCHiWtjGp/Ez1lO','2024-07-20 11:56:02','eyJhbGciOiJIUzI1NiIsInR5cCI6IkpXVCJ9.eyJ1c2VySWQiOjEsImlhdCI6MTcyMTkwNjkwNSwiZXhwIjoxNzIyNTExNzA1fQ.NTrA8luhsz_YvvVAY-K0qfwYwtxVbyzJNaJgGYOkHL8'),(2,'바다','badahong@gmail.com','1234','2024-07-20 11:56:53',NULL),(3,'진우2','wlsdn010314@naver.com','$2b$10$aFl8I81vSl1QfxI8Z2wu9.P/twitv02HCO/hJWSCHiWtjGp/Ez1lO','2024-07-22 06:48:30','eyJhbGciOiJIUzI1NiIsInR5cCI6IkpXVCJ9.eyJ1c2VySWQiOjMsImlhdCI6MTcyMTg5OTI4NywiZXhwIjoxNzIyNTA0MDg3fQ.8ChaQVpYlnqdEPfwQml78tYZ_CGqk0c9bMFEc7kwTSg'),(11,'바다','badah@gmail.com','$2b$10$WTtqwt50Ff5xY3wrO9xSB.FQeoouixLU5m2Qq36i5KMDll8jksBIS','2024-07-22 08:35:12',NULL),(12,'bada','hongbada0715@gmail.com','$2b$10$M2AZnw4aqifvhzQdJCoCHu7ZHYV2Xa61oqNVKd8TijElNbe7U/6oy','2024-07-24 07:42:32','eyJhbGciOiJIUzI1NiIsInR5cCI6IkpXVCJ9.eyJ1c2VySWQiOjEyLCJpYXQiOjE3MjE5MTI1NTcsImV4cCI6MTcyMjUxNzM1N30.jKCXhA1FTTHCWdAG_LdgsqH2OY3StZPI9VixFOjOhK8'),(13,'MAD','madcamp@123','$2b$10$6zMnf2XMa4pBe3WlvZQiJOAIMVtZkZrDN2yxZqnil1czE5W/eOyMy','2024-07-25 09:20:36','eyJhbGciOiJIUzI1NiIsInR5cCI6IkpXVCJ9.eyJ1c2VySWQiOjEzLCJpYXQiOjE3MjE4OTk1MzgsImV4cCI6MTcyMjUwNDMzOH0.Z_tNFKCQKLDHuRU90f1t8lmKBCMI5N6pZssGyyuGwn0'),(17,'몰캠이','1234@gmail.com','$2b$10$M.Gz1O1/i3ucU4ePevZGoOZSUdjbTZi1HlzkhG2gv2ZSzUA4YQRvW','2024-07-25 11:05:40','eyJhbGciOiJIUzI1NiIsInR5cCI6IkpXVCJ9.eyJ1c2VySWQiOjE3LCJpYXQiOjE3MjE5MDU1NTEsImV4cCI6MTcyMjUxMDM1MX0.3jG8dBTTdoIb7EKOGhz3SLju1UlZf_HwsrqhnLiThd8'),(18,'몰캠이','12345@gmail.com','$2b$10$5SD/DBcA3GjMHMer7Bieqeddo6Bnntv6vheG43PuHdVY/EXokzLs.','2024-07-25 11:14:14','eyJhbGciOiJIUzI1NiIsInR5cCI6IkpXVCJ9.eyJ1c2VySWQiOjE4LCJpYXQiOjE3MjE5MDYwNjMsImV4cCI6MTcyMjUxMDg2M30.o44UARRIXbaikZoO7tC7nRik3ujB6UKVocaBtuPXck0');
/*!40000 ALTER TABLE `Users` ENABLE KEYS */;
UNLOCK TABLES;
/*!40103 SET TIME_ZONE=@OLD_TIME_ZONE */;

/*!40101 SET SQL_MODE=@OLD_SQL_MODE */;
/*!40014 SET FOREIGN_KEY_CHECKS=@OLD_FOREIGN_KEY_CHECKS */;
/*!40014 SET UNIQUE_CHECKS=@OLD_UNIQUE_CHECKS */;
/*!40101 SET CHARACTER_SET_CLIENT=@OLD_CHARACTER_SET_CLIENT */;
/*!40101 SET CHARACTER_SET_RESULTS=@OLD_CHARACTER_SET_RESULTS */;
/*!40101 SET COLLATION_CONNECTION=@OLD_COLLATION_CONNECTION */;
/*!40111 SET SQL_NOTES=@OLD_SQL_NOTES */;

-- Dump completed on 2024-07-31  6:26:56
